timestamp,chain_id,block_number,events_count
2026-03-02T16:45:42Z,10,148435582,51285
2026-03-02T16:45:42Z,8453,42840296,49972
2026-03-02T16:45:42Z,747474,25727129,469737
2026-03-02T16:45:42Z,1,24571039,516761
2026-03-02T16:45:42Z,137,83674953,2234513
2026-03-02T16:45:42Z,250,120585985,227283
2026-03-02T16:45:42Z,42161,437613305,36644
2026-03-02T16:46:48Z,10,148435615,51285
2026-03-02T16:46:48Z,250,120585989,227283
2026-03-02T16:46:48Z,42161,437613567,36644
2026-03-02T16:46:48Z,1,24571044,516761
2026-03-02T16:46:48Z,137,83674988,2234513
2026-03-02T16:46:48Z,8453,42840329,49972
2026-03-02T16:46:48Z,747474,25727195,469737
2026-03-02T16:47:49Z,1,24571050,516761
2026-03-02T16:47:49Z,10,148435646,51285
2026-03-02T16:47:49Z,250,120585989,227283
2026-03-02T16:47:49Z,42161,437613805,36644
2026-03-02T16:47:49Z,137,83675017,2234513
2026-03-02T16:47:49Z,8453,42840360,49972
2026-03-02T16:47:49Z,747474,25727257,469737
2026-03-02T16:48:50Z,1,24571054,516761
2026-03-02T16:48:50Z,8453,42840390,49972
2026-03-02T16:48:50Z,137,83675049,2234513
2026-03-02T16:48:50Z,747474,25727319,469737
2026-03-02T16:48:50Z,10,148435676,51285
2026-03-02T16:48:50Z,250,120585989,227283
2026-03-02T16:48:50Z,42161,437614069,36644
2026-03-02T16:49:51Z,1,24571060,516761
2026-03-02T16:49:51Z,137,83675079,2234513
2026-03-02T16:49:51Z,8453,42840421,49972
2026-03-02T16:49:51Z,42161,437614316,36644
2026-03-02T16:49:51Z,747474,25727379,469737
2026-03-02T16:49:51Z,250,120585992,227283
2026-03-02T16:49:51Z,10,148435707,51285
2026-03-02T16:50:52Z,10,148435737,51285
2026-03-02T16:50:52Z,250,120585997,227283
2026-03-02T16:50:52Z,42161,437614553,36644
2026-03-02T16:50:52Z,1,24571065,516761
2026-03-02T16:50:52Z,137,83675110,2234513
2026-03-02T16:50:52Z,8453,42840451,49972
2026-03-02T16:50:52Z,747474,25727440,469739
2026-03-02T16:51:58Z,250,120585998,227283
2026-03-02T16:51:58Z,747474,25727506,469739
2026-03-02T16:51:58Z,1,24571070,516761
2026-03-02T16:51:58Z,10,148435770,51285
2026-03-02T16:51:58Z,137,83675143,2234513
2026-03-02T16:51:58Z,42161,437614823,36644
2026-03-02T16:51:58Z,8453,42840485,49972
2026-03-02T16:52:59Z,1,24571075,516761
2026-03-02T16:52:59Z,250,120585998,227283
2026-03-02T16:52:59Z,10,148435801,51285
2026-03-02T16:52:59Z,42161,437615069,36644
2026-03-02T16:52:59Z,8453,42840515,49972
2026-03-02T16:52:59Z,747474,25727567,469742
2026-03-02T16:52:59Z,137,83675173,2234513
2026-03-02T16:54:00Z,10,148435831,51285
2026-03-02T16:54:00Z,1,24571080,516761
2026-03-02T16:54:00Z,250,120585999,227283
2026-03-02T16:54:00Z,137,83675204,2234513
2026-03-02T16:54:01Z,42161,437615301,36644
2026-03-02T16:54:01Z,8453,42840545,49972
2026-03-02T16:54:01Z,747474,25727628,469744
